threshold	target_reads	non_target_reads	top_tie_reads	no_hit_reads	runs_with_retained_reads
1	1284	107040	123	27	232
2	1258	10655	121	0	210
3	1196	2284	118	0	98
4	1190	2087	109	0	87
5	1121	246	38	0	78
6	1089	30	38	0	45
7	1089	28	38	0	44
8	1078	28	38	0	44
9	1073	18	33	0	37
10	1071	18	33	0	37
11	1034	17	33	0	37
12	1017	17	33	0	37
13	1015	17	33	0	37
14	1006	17	33	0	37
15	988	17	32	0	37
16	979	0	32	0	36
17	970	0	32	0	36
18	969	0	32	0	36
19	968	0	32	0	36
20	941	0	32	0	34
21	886	0	32	0	33
22	865	0	32	0	33
23	855	0	16	0	33
24	853	0	0	0	32
25	809	0	0	0	31
26	776	0	0	0	31
27	776	0	0	0	31
28	765	0	0	0	31
29	764	0	0	0	31
30	764	0	0	0	31
31	764	0	0	0	31
32	741	0	0	0	30
33	723	0	0	0	30
34	722	0	0	0	30
35	712	0	0	0	30
36	712	0	0	0	30
37	712	0	0	0	30
38	707	0	0	0	30
39	698	0	0	0	30
40	698	0	0	0	30
41	665	0	0	0	29
42	657	0	0	0	29
43	626	0	0	0	28
44	623	0	0	0	28
45	590	0	0	0	28
46	585	0	0	0	28
47	570	0	0	0	27
48	568	0	0	0	27
49	566	0	0	0	26
50	565	0	0	0	26
51	557	0	0	0	26
52	538	0	0	0	26
53	500	0	0	0	26
54	499	0	0	0	26
55	483	0	0	0	26
56	444	0	0	0	25
57	444	0	0	0	25
58	444	0	0	0	25
59	443	0	0	0	25
60	443	0	0	0	25
61	443	0	0	0	25
62	432	0	0	0	25
63	431	0	0	0	25
64	409	0	0	0	25
65	402	0	0	0	23
66	402	0	0	0	23
67	396	0	0	0	23
68	396	0	0	0	23
69	390	0	0	0	23
70	382	0	0	0	23
71	371	0	0	0	23
72	367	0	0	0	23
73	366	0	0	0	23
74	363	0	0	0	22
75	358	0	0	0	22
76	358	0	0	0	22
77	327	0	0	0	21
78	318	0	0	0	21
79	310	0	0	0	20
80	300	0	0	0	20
81	277	0	0	0	20
82	247	0	0	0	18
83	235	0	0	0	18
84	199	0	0	0	17
85	197	0	0	0	17
86	196	0	0	0	17
87	188	0	0	0	17
88	161	0	0	0	16
89	156	0	0	0	15
90	133	0	0	0	14
91	131	0	0	0	14
92	131	0	0	0	14
93	131	0	0	0	14
94	131	0	0	0	14
95	103	0	0	0	14
96	100	0	0	0	14
97	100	0	0	0	14
98	94	0	0	0	13
99	94	0	0	0	13
100	94	0	0	0	13
101	94	0	0	0	13
102	94	0	0	0	13
103	94	0	0	0	13
104	90	0	0	0	12
105	90	0	0	0	12
106	90	0	0	0	12
107	90	0	0	0	12
108	90	0	0	0	12
109	82	0	0	0	11
110	73	0	0	0	10
111	73	0	0	0	10
112	73	0	0	0	10
113	73	0	0	0	10
114	73	0	0	0	10
115	62	0	0	0	9
116	62	0	0	0	9
117	62	0	0	0	9
118	62	0	0	0	9
119	55	0	0	0	7
120	49	0	0	0	7
121	33	0	0	0	4
